commit_hash,test_time,toal_time
acd5c19b3d099b572acd6fcd2e70ea81d314974c,113,226
74e931a17c83405f7620a28444884ab5674a1990,39.285,130
250343fa2a77f28bee0265c620f811b5732db26a,44.985,136
7b8f7d4e854c0206847a1287361b0e7460fe206f,55.898,150
a4060c0e6f300001088389595d0e4a2674aec888,76,164
b9d4b83b6fc9f6fd94b5e2a73f3a65c127b60601,91,187
1b1c22c7e4cfc5ebe4c97da7a6b34ba5ad7d4e3b,47.512,314
562efde9b66e161157d24942a202feac8aaeacc0,89,246
69878067b7084579a0f9662997055a2d3b8cf2a0,44.256,161
bf124a299d5c68b952dbcad5f2b3810780bf2225,45.567,145
